Year,ST1,ST5,ST10
2010,37.3446,63.46641,76.60988
2013,37.61661,65.85928,78.19255
2016,42.47624,68.04857,79.4716
2019,40.47784,67.73145,79.06181
